{
  "schema_version": 1,
  "maps_root": "C:/Users/User/Downloads/Firefight.v9.0.2/Firefight.v9.0.2/Maps",
  "per_biome": {
    "urban_dense": {
      "biome": "urban_dense",
      "panel": [
        "DGCC",
        "VBOC"
      ],
      "targets": {
        "forest_pct": 11.841498480902779,
        "building_pct": 9.488593207465279,
        "hedge_pct": 26.607259114583336,
        "road_pct": 11.571926540798612,
        "water_pct": 0,
        "open_pct": 40.49072265625,
        "contour_lines_per_1000_tiles": 3.6678314208984375,
        "elevation_stddev_normalized": 0.07335662841796875
      },
      "stddev": {
        "forest_pct": 0.5459255642361107,
        "building_pct": 1.927693684895833,
        "hedge_pct": 8.860948350694445,
        "road_pct": 8.855183919270836,
        "water_pct": 0,
        "open_pct": 15.242513020833334,
        "contour_lines_per_1000_tiles": 1.3675689697265625,
        "elevation_stddev_normalized": 0.02735137939453125
      },
      "sampleCount": 2,
      "toleranceMultiplier": 1
    },
    "urban_sparse": {
      "biome": "urban_sparse",
      "panel": [
        "BLNU",
        "NSPN",
        "ROIM",
        "VJCT"
      ],
      "targets": {
        "forest_pct": 24.38269721137153,
        "building_pct": 5.310228135850695,
        "hedge_pct": 30.11966281467014,
        "road_pct": 3.647698296440972,
        "water_pct": 0,
        "open_pct": 36.53971354166667,
        "contour_lines_per_1000_tiles": 16.626358032226562,
        "elevation_stddev_normalized": 0.33252716064453125
      },
      "stddev": {
        "forest_pct": 15.019394570412986,
        "building_pct": 7.565925498099943,
        "hedge_pct": 8.051060277432775,
        "road_pct": 1.1163205405637449,
        "water_pct": 0,
        "open_pct": 14.259649853804843,
        "contour_lines_per_1000_tiles": 4.431305307892235,
        "elevation_stddev_normalized": 0.0886261061578447
      },
      "sampleCount": 4,
      "toleranceMultiplier": 1
    },
    "rural_village": {
      "biome": "rural_village",
      "panel": [
        "H112",
        "JWVG",
        "MRCH",
        "NSVL",
        "TRCH",
        "ZCRD"
      ],
      "targets": {
        "forest_pct": 37.02641239872684,
        "building_pct": 3.6795156973379632,
        "hedge_pct": 23.312830041956015,
        "road_pct": 5.550695348668981,
        "water_pct": 0,
        "open_pct": 30.430546513310187,
        "contour_lines_per_1000_tiles": 11.835575103759766,
        "elevation_stddev_normalized": 0.2367115020751953
      },
      "stddev": {
        "forest_pct": 14.80110513755929,
        "building_pct": 3.5846770144787317,
        "hedge_pct": 8.714846023443632,
        "road_pct": 6.010656282094921,
        "water_pct": 0,
        "open_pct": 12.7755955490527,
        "contour_lines_per_1000_tiles": 11.652321531026828,
        "elevation_stddev_normalized": 0.23304643062053657
      },
      "sampleCount": 6,
      "toleranceMultiplier": 1
    },
    "rural_open": {
      "biome": "rural_open",
      "panel": [
        "BFRM",
        "KRDG",
        "MCVL",
        "STPA"
      ],
      "targets": {
        "forest_pct": 29.379442003038193,
        "building_pct": 1.2303670247395833,
        "hedge_pct": 43.15965440538194,
        "road_pct": 1.629977756076389,
        "water_pct": 0,
        "open_pct": 24.60055881076389,
        "contour_lines_per_1000_tiles": 21.26598358154297,
        "elevation_stddev_normalized": 0.4253196716308594
      },
      "stddev": {
        "forest_pct": 10.549568931704844,
        "building_pct": 0.8301694531643102,
        "hedge_pct": 9.889919174529917,
        "road_pct": 0.5385576282354586,
        "water_pct": 0,
        "open_pct": 8.844925877561074,
        "contour_lines_per_1000_tiles": 2.2975078184419098,
        "elevation_stddev_normalized": 0.045950156368838195
      },
      "sampleCount": 4,
      "toleranceMultiplier": 1
    },
    "forest": {
      "biome": "forest",
      "panel": [
        "BGHL",
        "JLRD",
        "KMPV",
        "LAUN",
        "LBCH",
        "RMLY"
      ],
      "targets": {
        "forest_pct": 23.948499891493054,
        "building_pct": 1.8278899016203702,
        "hedge_pct": 35.150146484375,
        "road_pct": 2.072482638888889,
        "water_pct": 0,
        "open_pct": 37.00098108362269,
        "contour_lines_per_1000_tiles": 24.028301239013672,
        "elevation_stddev_normalized": 0.47340965270996094
      },
      "stddev": {
        "forest_pct": 26.60082017722972,
        "building_pct": 3.5026190161585373,
        "hedge_pct": 13.950846295108049,
        "road_pct": 1.0056858613415072,
        "water_pct": 0,
        "open_pct": 16.47416282180551,
        "contour_lines_per_1000_tiles": 13.622803990472232,
        "elevation_stddev_normalized": 0.25775820881477574
      },
      "sampleCount": 6,
      "toleranceMultiplier": 1
    },
    "industrial": {
      "biome": "industrial",
      "panel": [
        "FLAU",
        "SRVR",
        "TFAC"
      ],
      "targets": {
        "forest_pct": 18.372486255787035,
        "building_pct": 14.802155671296296,
        "hedge_pct": 29.50213396990741,
        "road_pct": 7.433855975115741,
        "water_pct": 0,
        "open_pct": 29.88936812789352,
        "contour_lines_per_1000_tiles": 11.996905008951822,
        "elevation_stddev_normalized": 0.23993810017903647
      },
      "stddev": {
        "forest_pct": 5.996867329083531,
        "building_pct": 10.854353695079604,
        "hedge_pct": 16.613375910734078,
        "road_pct": 7.826275598064426,
        "water_pct": 0,
        "open_pct": 3.566077999043995,
        "contour_lines_per_1000_tiles": 5.213195982068405,
        "elevation_stddev_normalized": 0.10426391964136811
      },
      "sampleCount": 3,
      "toleranceMultiplier": 1
    },
    "mixed": {
      "biome": "mixed",
      "panel": [
        "ASTM",
        "MLKS"
      ],
      "targets": {
        "forest_pct": 45.916408962673614,
        "building_pct": 3.3610026041666665,
        "hedge_pct": 25.74700249565972,
        "road_pct": 1.5872531467013888,
        "water_pct": 0,
        "open_pct": 23.388332790798614,
        "contour_lines_per_1000_tiles": 38.539886474609375,
        "elevation_stddev_normalized": 0.7707977294921875
      },
      "stddev": {
        "forest_pct": 9.007771809895832,
        "building_pct": 2.297634548611111,
        "hedge_pct": 8.1512451171875,
        "road_pct": 0.5265977647569443,
        "water_pct": 0,
        "open_pct": 14.33478461371528,
        "contour_lines_per_1000_tiles": 10.958671569824219,
        "elevation_stddev_normalized": 0.21917343139648438
      },
      "sampleCount": 2,
      "toleranceMultiplier": 1
    },
    "arid": {
      "biome": "arid",
      "panel": [],
      "targets": {
        "forest_pct": 0.5,
        "building_pct": 2,
        "hedge_pct": 0.2,
        "road_pct": 1.5,
        "water_pct": 0.3,
        "open_pct": 95.5,
        "contour_lines_per_1000_tiles": 5,
        "elevation_stddev_normalized": 0.15
      },
      "stddev": {
        "forest_pct": 0,
        "building_pct": 0,
        "hedge_pct": 0,
        "road_pct": 0,
        "water_pct": 0,
        "open_pct": 0,
        "contour_lines_per_1000_tiles": 0,
        "elevation_stddev_normalized": 0
      },
      "sampleCount": 0,
      "toleranceMultiplier": 3
    }
  },
  "per_map": {
    "ASTM": {
      "forest_pct": 36.90863715277778,
      "building_pct": 5.658637152777778,
      "hedge_pct": 17.59575737847222,
      "road_pct": 2.113850911458333,
      "water_pct": 0,
      "open_pct": 37.72311740451389,
      "contour_lines_per_1000_tiles": 49.498558044433594,
      "elevation_stddev_normalized": 0.9899711608886719
    },
    "BFRM": {
      "forest_pct": 34.57370334201389,
      "building_pct": 1.7869737413194444,
      "hedge_pct": 44.07687717013889,
      "road_pct": 2.213541666666667,
      "water_pct": 0,
      "open_pct": 17.34890407986111,